{
  "0": 2.15211953031617,
  "1": 2.2604804620546504,
  "2": -3.3530238753079997,
  "3": -3.8815517718697135,
  "4": -3.705943317527345,
  "5": 2.743181607370321,
  "6": -2.1076313331633436,
  "7": 1.6476135376064682,
  "8": -4.603789007644201,
  "9": 1.9771478974823042,
  "10": 2.2177632211539597,
  "11": 1.7676362924232325
}
