{
  "0": 3.3839438544049774,
  "1": -4.7190273168681305,
  "2": -4.903015084251227,
  "3": 3.8691292699528597,
  "4": 4.006047855496485,
  "5": -4.185571432893477,
  "6": -2.520469715665153,
  "7": -3.199929679441216,
  "8": 1.2336467674032647,
  "9": -0.5741303763610778,
  "10": 2.9295171058184475,
  "11": 0.28064267263818343
}
